danceability,energy,key,loudness,mode,speechiness,acousticness,instrumentalness,liveness,valence,tempo,type,id,uri,track_href,analysis_url,duration_ms,time_signature
0.417,0.934,7,-3.908,0,0.11900000000000001,0.000278,0.0015,0.132,0.28700000000000003,127.066,audio_features,2DlHlPMa4M17kufBvI2lEN,spotify:track:2DlHlPMa4M17kufBvI2lEN,https://api.spotify.com/v1/tracks/2DlHlPMa4M17kufBvI2lEN,https://api.spotify.com/v1/audio-analysis/2DlHlPMa4M17kufBvI2lEN,210240,4
0.41300000000000003,0.873,8,-4.151,1,0.0536,0.00026399999999999997,0.00249,0.20400000000000001,0.48,116.68,audio_features,0snQkGI5qnAmohLE7jTsTn,spotify:track:0snQkGI5qnAmohLE7jTsTn,https://api.spotify.com/v1/tracks/0snQkGI5qnAmohLE7jTsTn,https://api.spotify.com/v1/audio-analysis/0snQkGI5qnAmohLE7jTsTn,218933,3
0.458,0.783,8,-3.226,0,0.0322,0.34600000000000003,6.14e-06,0.13,0.224,113.072,audio_features,4xBHZ2Mr0gCdFYXrPZuYXO,spotify:track:4xBHZ2Mr0gCdFYXrPZuYXO,https://api.spotify.com/v1/tracks/4xBHZ2Mr0gCdFYXrPZuYXO,https://api.spotify.com/v1/audio-analysis/4xBHZ2Mr0gCdFYXrPZuYXO,167907,3
0.41400000000000003,0.404,0,-9.928,0,0.0499,0.271,0.0,0.30000000000000004,0.224,71.105,audio_features,4u7EnebtmKWzUH433cf5Qv,spotify:track:4u7EnebtmKWzUH433cf5Qv,https://api.spotify.com/v1/tracks/4u7EnebtmKWzUH433cf5Qv,https://api.spotify.com/v1/audio-analysis/4u7EnebtmKWzUH433cf5Qv,354320,4
0.559,0.868,5,-5.276,1,0.17,0.0475,0.000176,0.776,0.609,156.295,audio_features,5T8EDUDqKcs6OSOwEsfqG7,spotify:track:5T8EDUDqKcs6OSOwEsfqG7,https://api.spotify.com/v1/tracks/5T8EDUDqKcs6OSOwEsfqG7,https://api.spotify.com/v1/audio-analysis/5T8EDUDqKcs6OSOwEsfqG7,209413,4
0.933,0.528,5,-6.472,0,0.161,0.112,0.312,0.163,0.754,109.967,audio_features,5vdp5UmvTsnMEMESIF2Ym7,spotify:track:5vdp5UmvTsnMEMESIF2Ym7,https://api.spotify.com/v1/tracks/5vdp5UmvTsnMEMESIF2Ym7,https://api.spotify.com/v1/audio-analysis/5vdp5UmvTsnMEMESIF2Ym7,214653,4
0.494,0.517,9,-12.172,0,0.11,0.491,0.025500000000000002,0.47000000000000003,0.2,108.939,audio_features,3Z4poAx8XqlR2xm7eFwQ37,spotify:track:3Z4poAx8XqlR2xm7eFwQ37,https://api.spotify.com/v1/tracks/3Z4poAx8XqlR2xm7eFwQ37,https://api.spotify.com/v1/audio-analysis/3Z4poAx8XqlR2xm7eFwQ37,209987,4
0.404,0.903,1,-3.88,1,0.0668,0.577,0.297,0.28700000000000003,0.498,115.672,audio_features,3k9i7UzeSUYWIfUZFeFDUd,spotify:track:3k9i7UzeSUYWIfUZFeFDUd,https://api.spotify.com/v1/tracks/3k9i7UzeSUYWIfUZFeFDUd,https://api.spotify.com/v1/audio-analysis/3k9i7UzeSUYWIfUZFeFDUd,423840,4
0.307,0.909,9,-7.08,0,0.0574,0.135,0.033600000000000005,0.125,0.443,173.674,audio_features,3uMmllZo1AfoEnVT4ENCD3,spotify:track:3uMmllZo1AfoEnVT4ENCD3,https://api.spotify.com/v1/tracks/3uMmllZo1AfoEnVT4ENCD3,https://api.spotify.com/v1/audio-analysis/3uMmllZo1AfoEnVT4ENCD3,366136,4
0.364,0.811,11,-7.237,1,0.0621,0.00268,0.009300000000000001,0.106,0.151,120.758,audio_features,1L2ZkXbRX00ZiaUDuMMgf7,spotify:track:1L2ZkXbRX00ZiaUDuMMgf7,https://api.spotify.com/v1/tracks/1L2ZkXbRX00ZiaUDuMMgf7,https://api.spotify.com/v1/audio-analysis/1L2ZkXbRX00ZiaUDuMMgf7,419893,4
0.47700000000000004,0.47900000000000004,7,-11.887,0,0.0483,0.0649,0.029,0.0906,0.662,122.531,audio_features,5UuikgHTxSRFRnC0zXx10i,spotify:track:5UuikgHTxSRFRnC0zXx10i,https://api.spotify.com/v1/tracks/5UuikgHTxSRFRnC0zXx10i,https://api.spotify.com/v1/audio-analysis/5UuikgHTxSRFRnC0zXx10i,396187,4
0.502,0.912,1,-4.556,1,0.056400000000000006,2.55e-05,0.000173,0.106,0.72,116.761,audio_features,1f3yAtsJtY87CTmM8RLnxf,spotify:track:1f3yAtsJtY87CTmM8RLnxf,https://api.spotify.com/v1/tracks/1f3yAtsJtY87CTmM8RLnxf,https://api.spotify.com/v1/audio-analysis/1f3yAtsJtY87CTmM8RLnxf,301920,4
0.274,0.726,9,-11.541,1,0.0449,0.000212,0.011300000000000001,0.0993,0.426,146.449,audio_features,4vJr55lngvhSM8WIh9CjQc,spotify:track:4vJr55lngvhSM8WIh9CjQc,https://api.spotify.com/v1/tracks/4vJr55lngvhSM8WIh9CjQc,https://api.spotify.com/v1/audio-analysis/4vJr55lngvhSM8WIh9CjQc,422933,4
0.454,0.91,6,-7.766,1,0.0448,0.08660000000000001,0.09960000000000001,0.116,0.629,125.116,audio_features,7o2CTH4ctstm8TNelqjb51,spotify:track:7o2CTH4ctstm8TNelqjb51,https://api.spotify.com/v1/tracks/7o2CTH4ctstm8TNelqjb51,https://api.spotify.com/v1/audio-analysis/7o2CTH4ctstm8TNelqjb51,354520,4
0.393,0.364,5,-10.945,0,0.0345,0.0021000000000000003,0.0703,0.121,0.308,118.566,audio_features,1SDiiE3v2z89VxC3aVRKHQ,spotify:track:1SDiiE3v2z89VxC3aVRKHQ,https://api.spotify.com/v1/tracks/1SDiiE3v2z89VxC3aVRKHQ,https://api.spotify.com/v1/audio-analysis/1SDiiE3v2z89VxC3aVRKHQ,444148,3
0.539,0.8280000000000001,4,-9.11,0,0.0361,0.000721,0.438,0.198,0.587,105.303,audio_features,01ICFoBoco3TaM5r3HthXy,spotify:track:01ICFoBoco3TaM5r3HthXy,https://api.spotify.com/v1/tracks/01ICFoBoco3TaM5r3HthXy,https://api.spotify.com/v1/audio-analysis/01ICFoBoco3TaM5r3HthXy,515387,4
0.466,0.833,7,-4.215,1,0.304,0.026600000000000002,0.0,0.0327,0.661,88.785,audio_features,59WN2psjkt1tyaxjspN8fp,spotify:track:59WN2psjkt1tyaxjspN8fp,https://api.spotify.com/v1/tracks/59WN2psjkt1tyaxjspN8fp,https://api.spotify.com/v1/audio-analysis/59WN2psjkt1tyaxjspN8fp,313573,4
0.20800000000000002,0.8320000000000001,9,-11.009,1,0.062400000000000004,0.0035600000000000002,0.053700000000000005,0.199,0.648,156.938,audio_features,2PHYxHUFjHUGmdj8MbVINJ,spotify:track:2PHYxHUFjHUGmdj8MbVINJ,https://api.spotify.com/v1/tracks/2PHYxHUFjHUGmdj8MbVINJ,https://api.spotify.com/v1/audio-analysis/2PHYxHUFjHUGmdj8MbVINJ,429973,4
0.321,0.544,2,-7.179,1,0.0364,0.293,1.1100000000000002e-05,0.11,0.28300000000000003,127.284,audio_features,7ycz6sgZWp4wvF53BZVTjE,spotify:track:7ycz6sgZWp4wvF53BZVTjE,https://api.spotify.com/v1/tracks/7ycz6sgZWp4wvF53BZVTjE,https://api.spotify.com/v1/audio-analysis/7ycz6sgZWp4wvF53BZVTjE,398267,3
0.327,0.932,8,-5.16,0,0.0507,0.0018000000000000002,9.11e-06,0.09580000000000001,0.121,153.92,audio_features,0PFc1xilGfV9CWRrIUEgRN,spotify:track:0PFc1xilGfV9CWRrIUEgRN,https://api.spotify.com/v1/tracks/0PFc1xilGfV9CWRrIUEgRN,https://api.spotify.com/v1/audio-analysis/0PFc1xilGfV9CWRrIUEgRN,343933,4
0.405,0.971,2,-4.422,0,0.0461,0.0008529999999999999,5.26e-06,0.332,0.464,96.03,audio_features,1yId2tab38LIpWhX579thz,spotify:track:1yId2tab38LIpWhX579thz,https://api.spotify.com/v1/tracks/1yId2tab38LIpWhX579thz,https://api.spotify.com/v1/audio-analysis/1yId2tab38LIpWhX579thz,272478,4
0.5720000000000001,0.9480000000000001,5,-6.93,0,0.114,0.0017000000000000001,0.0013900000000000002,0.0596,0.371,99.991,audio_features,68OhwbYgltOE59j6Nz8wBt,spotify:track:68OhwbYgltOE59j6Nz8wBt,https://api.spotify.com/v1/tracks/68OhwbYgltOE59j6Nz8wBt,https://api.spotify.com/v1/audio-analysis/68OhwbYgltOE59j6Nz8wBt,284067,4
0.514,0.9500000000000001,7,-4.657,1,0.07250000000000001,1.0900000000000002e-05,0.0135,0.19,0.149,130.027,audio_features,6hz6lrQtLcxOOjflnYjF9o,spotify:track:6hz6lrQtLcxOOjflnYjF9o,https://api.spotify.com/v1/tracks/6hz6lrQtLcxOOjflnYjF9o,https://api.spotify.com/v1/audio-analysis/6hz6lrQtLcxOOjflnYjF9o,467827,4
0.268,0.646,0,-7.926,0,0.057100000000000005,0.027,2.84e-06,0.986,0.154,133.625,audio_features,0wy70YBb5QIqBNUOQeD3ae,spotify:track:0wy70YBb5QIqBNUOQeD3ae,https://api.spotify.com/v1/tracks/0wy70YBb5QIqBNUOQeD3ae,https://api.spotify.com/v1/audio-analysis/0wy70YBb5QIqBNUOQeD3ae,351387,4
0.5670000000000001,0.714,9,-8.512,0,0.0302,0.0012000000000000001,0.417,0.186,0.191,107.441,audio_features,55mJleti2WfWEFNFcBduhc,spotify:track:55mJleti2WfWEFNFcBduhc,https://api.spotify.com/v1/tracks/55mJleti2WfWEFNFcBduhc,https://api.spotify.com/v1/audio-analysis/55mJleti2WfWEFNFcBduhc,403533,3
0.46900000000000003,0.79,7,-6.889,1,0.0391,0.000148,0.372,0.28200000000000003,0.466,107.45,audio_features,1lATXTBJDHwawvT1UfxWu3,spotify:track:1lATXTBJDHwawvT1UfxWu3,https://api.spotify.com/v1/tracks/1lATXTBJDHwawvT1UfxWu3,https://api.spotify.com/v1/audio-analysis/1lATXTBJDHwawvT1UfxWu3,381947,4
0.546,0.633,6,-6.287,0,0.0309,0.0366,0.000127,0.47800000000000004,0.426,170.148,audio_features,0J1CIpL8IuUf0OyijwkMFj,spotify:track:0J1CIpL8IuUf0OyijwkMFj,https://api.spotify.com/v1/tracks/0J1CIpL8IuUf0OyijwkMFj,https://api.spotify.com/v1/audio-analysis/0J1CIpL8IuUf0OyijwkMFj,494573,4
0.406,0.68,2,-12.102,1,0.08080000000000001,0.178,0.605,0.401,0.417,111.374,audio_features,4nSikasiVdtF5SPyDUlDLg,spotify:track:4nSikasiVdtF5SPyDUlDLg,https://api.spotify.com/v1/tracks/4nSikasiVdtF5SPyDUlDLg,https://api.spotify.com/v1/audio-analysis/4nSikasiVdtF5SPyDUlDLg,64309,4
0.585,0.849,7,-5.796,1,0.0386,0.055200000000000006,0.000539,0.146,0.685,131.748,audio_features,1hNIb1XdqTfcanT6yr9l4k,spotify:track:1hNIb1XdqTfcanT6yr9l4k,https://api.spotify.com/v1/tracks/1hNIb1XdqTfcanT6yr9l4k,https://api.spotify.com/v1/audio-analysis/1hNIb1XdqTfcanT6yr9l4k,239147,4
0.391,0.329,4,-13.756,0,0.0354,0.449,4.1199999999999995e-06,0.0608,0.342,90.001,audio_features,3HiuoQAEagnHrXfIjt0tIU,spotify:track:3HiuoQAEagnHrXfIjt0tIU,https://api.spotify.com/v1/tracks/3HiuoQAEagnHrXfIjt0tIU,https://api.spotify.com/v1/audio-analysis/3HiuoQAEagnHrXfIjt0tIU,272609,4
0.592,0.66,7,-8.028,0,0.158,0.233,6.9400000000000005e-06,0.0918,0.495,170.143,audio_features,0cYX51Hneb8qIOx0tHm7ng,spotify:track:0cYX51Hneb8qIOx0tHm7ng,https://api.spotify.com/v1/tracks/0cYX51Hneb8qIOx0tHm7ng,https://api.spotify.com/v1/audio-analysis/0cYX51Hneb8qIOx0tHm7ng,259600,4
0.811,0.797,5,-5.428,1,0.165,0.061700000000000005,0.0,0.112,0.541,97.988,audio_features,7sHlzMxsjsEuYx7eFD1Un0,spotify:track:7sHlzMxsjsEuYx7eFD1Un0,https://api.spotify.com/v1/tracks/7sHlzMxsjsEuYx7eFD1Un0,https://api.spotify.com/v1/audio-analysis/7sHlzMxsjsEuYx7eFD1Un0,171133,4
0.778,0.8240000000000001,10,-5.892,0,0.0707,0.28400000000000003,0.0,0.405,0.758,100.024,audio_features,3ZFTkvIE7kyPt6Nu3PEa7V,spotify:track:3ZFTkvIE7kyPt6Nu3PEa7V,https://api.spotify.com/v1/tracks/3ZFTkvIE7kyPt6Nu3PEa7V,https://api.spotify.com/v1/audio-analysis/3ZFTkvIE7kyPt6Nu3PEa7V,218093,4
0.766,0.873,11,-6.381,0,0.14300000000000002,0.00627,0.0,0.07640000000000001,0.743,126.988,audio_features,2Cd9iWfcOpGDHLz6tVA3G4,spotify:track:2Cd9iWfcOpGDHLz6tVA3G4,https://api.spotify.com/v1/tracks/2Cd9iWfcOpGDHLz6tVA3G4,https://api.spotify.com/v1/audio-analysis/2Cd9iWfcOpGDHLz6tVA3G4,202627,4
0.794,0.8320000000000001,1,-4.862,0,0.0407,0.23700000000000002,1.1400000000000003e-05,0.203,0.871,107.657,audio_features,2lnzGkdtDj5mtlcOW2yRtG,spotify:track:2lnzGkdtDj5mtlcOW2yRtG,https://api.spotify.com/v1/tracks/2lnzGkdtDj5mtlcOW2yRtG,https://api.spotify.com/v1/audio-analysis/2lnzGkdtDj5mtlcOW2yRtG,196160,4
0.664,0.758,2,-6.583,0,0.21,0.00238,0.0,0.059800000000000006,0.7010000000000001,99.259,audio_features,0TwBtDAWpkpM3srywFVOV5,spotify:track:0TwBtDAWpkpM3srywFVOV5,https://api.spotify.com/v1/tracks/0TwBtDAWpkpM3srywFVOV5,https://api.spotify.com/v1/audio-analysis/0TwBtDAWpkpM3srywFVOV5,235933,4
0.426,0.584,1,-5.293,1,0.296,0.0383,0.0,0.188,0.272,193.437,audio_features,5R9a4t5t5O0IsznsrKPVro,spotify:track:5R9a4t5t5O0IsznsrKPVro,https://api.spotify.com/v1/tracks/5R9a4t5t5O0IsznsrKPVro,https://api.spotify.com/v1/audio-analysis/5R9a4t5t5O0IsznsrKPVro,193213,4
0.399,0.787,1,-2.88,1,0.0499,0.019700000000000002,6.0700000000000005e-05,0.0685,0.5720000000000001,117.089,audio_features,4VrWlk8IQxevMvERoX08iC,spotify:track:4VrWlk8IQxevMvERoX08iC,https://api.spotify.com/v1/tracks/4VrWlk8IQxevMvERoX08iC,https://api.spotify.com/v1/audio-analysis/4VrWlk8IQxevMvERoX08iC,216120,5
0.794,0.811,6,-8.966,0,0.038,0.0426,1.07e-06,0.101,0.862,116.047,audio_features,2Foc5Q5nqNiosCNqttzHof,spotify:track:2Foc5Q5nqNiosCNqttzHof,https://api.spotify.com/v1/tracks/2Foc5Q5nqNiosCNqttzHof,https://api.spotify.com/v1/audio-analysis/2Foc5Q5nqNiosCNqttzHof,248413,4
0.8320000000000001,0.659,10,-7.828,0,0.057,0.0839,0.0011400000000000002,0.0753,0.674,100.163,audio_features,5CMjjywI0eZMixPeqNd75R,spotify:track:5CMjjywI0eZMixPeqNd75R,https://api.spotify.com/v1/tracks/5CMjjywI0eZMixPeqNd75R,https://api.spotify.com/v1/audio-analysis/5CMjjywI0eZMixPeqNd75R,353893,4
0.8170000000000001,0.716,6,-8.898,0,0.14400000000000002,0.0427,0.0026300000000000004,0.358,0.6920000000000001,123.474,audio_features,5W3cjX2J3tjhG8zb6u0qHn,spotify:track:5W3cjX2J3tjhG8zb6u0qHn,https://api.spotify.com/v1/tracks/5W3cjX2J3tjhG8zb6u0qHn,https://api.spotify.com/v1/audio-analysis/5W3cjX2J3tjhG8zb6u0qHn,224693,4
0.9510000000000001,0.597,0,-4.651,0,0.0669,0.10400000000000001,0.0,0.0718,0.8190000000000001,125.024,audio_features,0svvvbTUgEy79F6Sxweyjo,spotify:track:0svvvbTUgEy79F6Sxweyjo,https://api.spotify.com/v1/tracks/0svvvbTUgEy79F6Sxweyjo,https://api.spotify.com/v1/audio-analysis/0svvvbTUgEy79F6Sxweyjo,216467,4
0.655,0.797,2,-4.787,1,0.153,0.198,0.0,0.067,0.839,177.928,audio_features,6habFhsOp2NvshLv26DqMb,spotify:track:6habFhsOp2NvshLv26DqMb,https://api.spotify.com/v1/tracks/6habFhsOp2NvshLv26DqMb,https://api.spotify.com/v1/audio-analysis/6habFhsOp2NvshLv26DqMb,229360,4
0.666,0.781,8,-6.882,1,0.059300000000000005,0.111,0.0,0.108,0.367,93.532,audio_features,64gCM9yZv2jpNflclKUnXu,spotify:track:64gCM9yZv2jpNflclKUnXu,https://api.spotify.com/v1/tracks/64gCM9yZv2jpNflclKUnXu,https://api.spotify.com/v1/audio-analysis/64gCM9yZv2jpNflclKUnXu,287240,4
0.536,0.928,11,-6.492,0,0.0589,0.0154,0.00134,0.2,0.389,136.258,audio_features,0gzqZ9d1jIKo9psEIthwXe,spotify:track:0gzqZ9d1jIKo9psEIthwXe,https://api.spotify.com/v1/tracks/0gzqZ9d1jIKo9psEIthwXe,https://api.spotify.com/v1/audio-analysis/0gzqZ9d1jIKo9psEIthwXe,248400,4
0.543,0.9440000000000001,6,-7.495,1,0.0543,0.402,0.0005639999999999999,0.0373,0.735,101.174,audio_features,6C4LXC9UFH1IKiHYOp0BiJ,spotify:track:6C4LXC9UFH1IKiHYOp0BiJ,https://api.spotify.com/v1/tracks/6C4LXC9UFH1IKiHYOp0BiJ,https://api.spotify.com/v1/audio-analysis/6C4LXC9UFH1IKiHYOp0BiJ,279440,4
0.9500000000000001,0.59,8,-6.508,0,0.29,0.00534,0.0,0.11,0.219,130.003,audio_features,2GGMabyHXnJmjY6CXhhB2e,spotify:track:2GGMabyHXnJmjY6CXhhB2e,https://api.spotify.com/v1/tracks/2GGMabyHXnJmjY6CXhhB2e,https://api.spotify.com/v1/audio-analysis/2GGMabyHXnJmjY6CXhhB2e,183527,4
0.842,0.777,6,-3.8689999999999998,0,0.226,0.209,8.67e-06,0.229,0.751,120.081,audio_features,0CJ31BEjjl1tPIj0CKi9kH,spotify:track:0CJ31BEjjl1tPIj0CKi9kH,https://api.spotify.com/v1/tracks/0CJ31BEjjl1tPIj0CKi9kH,https://api.spotify.com/v1/audio-analysis/0CJ31BEjjl1tPIj0CKi9kH,206787,4
0.607,0.923,1,-6.777,1,0.09480000000000001,0.0193,1.1e-06,0.09240000000000001,0.868,184.819,audio_features,6UEfyhyfhYQsyipxOd95Ie,spotify:track:6UEfyhyfhYQsyipxOd95Ie,https://api.spotify.com/v1/tracks/6UEfyhyfhYQsyipxOd95Ie,https://api.spotify.com/v1/audio-analysis/6UEfyhyfhYQsyipxOd95Ie,213973,4
0.727,0.937,11,-2.871,0,0.28600000000000003,0.00417,0.0,0.091,0.749,132.067,audio_features,03UrZgTINDqvnUMbbIMhql,spotify:track:03UrZgTINDqvnUMbbIMhql,https://api.spotify.com/v1/tracks/03UrZgTINDqvnUMbbIMhql,https://api.spotify.com/v1/audio-analysis/03UrZgTINDqvnUMbbIMhql,219493,4
0.723,0.777,7,-3.503,1,0.108,0.0426,3.68e-06,0.0451,0.961,91.017,audio_features,4wPRYDnqrxt3Duqhf7bbcR,spotify:track:4wPRYDnqrxt3Duqhf7bbcR,https://api.spotify.com/v1/tracks/4wPRYDnqrxt3Duqhf7bbcR,https://api.spotify.com/v1/audio-analysis/4wPRYDnqrxt3Duqhf7bbcR,243413,4
0.772,0.795,7,-5.945,1,0.0328,0.201,0.0,0.0765,0.8190000000000001,126.847,audio_features,43THPstJP6RXLMd7ryXyNf,spotify:track:43THPstJP6RXLMd7ryXyNf,https://api.spotify.com/v1/tracks/43THPstJP6RXLMd7ryXyNf,https://api.spotify.com/v1/audio-analysis/43THPstJP6RXLMd7ryXyNf,335747,4
0.7000000000000001,0.9590000000000001,9,-4.483,1,0.0499,0.10300000000000001,0.0,0.404,0.877,131.005,audio_features,4rKO78BwBg2IBK3aoymw29,spotify:track:4rKO78BwBg2IBK3aoymw29,https://api.spotify.com/v1/tracks/4rKO78BwBg2IBK3aoymw29,https://api.spotify.com/v1/audio-analysis/4rKO78BwBg2IBK3aoymw29,177939,4
0.751,0.834,1,-5.444,0,0.0437,0.30000000000000004,1.77e-05,0.355,0.894,95.053,audio_features,6naxalmIoLFWR0siv8dnQQ,spotify:track:6naxalmIoLFWR0siv8dnQQ,https://api.spotify.com/v1/tracks/6naxalmIoLFWR0siv8dnQQ,https://api.spotify.com/v1/audio-analysis/6naxalmIoLFWR0siv8dnQQ,211160,4
0.727,0.974,4,-2.261,0,0.0664,0.10300000000000001,0.000532,0.17400000000000002,0.965,79.526,audio_features,2PpruBYCo4H7WOBJ7Q2EwM,spotify:track:2PpruBYCo4H7WOBJ7Q2EwM,https://api.spotify.com/v1/tracks/2PpruBYCo4H7WOBJ7Q2EwM,https://api.spotify.com/v1/audio-analysis/2PpruBYCo4H7WOBJ7Q2EwM,235213,4
0.743,0.766,0,-6.375,1,0.026500000000000003,0.0873,0.0,0.509,0.61,127.96,audio_features,4kLLWz7srcuLKA7Et40PQR,spotify:track:4kLLWz7srcuLKA7Et40PQR,https://api.spotify.com/v1/tracks/4kLLWz7srcuLKA7Et40PQR,https://api.spotify.com/v1/audio-analysis/4kLLWz7srcuLKA7Et40PQR,289133,4
0.648,0.931,1,-3.15,0,0.181,0.009370000000000002,0.0,0.752,0.744,153.649,audio_features,2ygMBIctKIAfbEBcT9065L,spotify:track:2ygMBIctKIAfbEBcT9065L,https://api.spotify.com/v1/tracks/2ygMBIctKIAfbEBcT9065L,https://api.spotify.com/v1/audio-analysis/2ygMBIctKIAfbEBcT9065L,213067,4
0.613,0.962,6,-5.07,0,0.278,0.034,0.0,0.8240000000000001,0.496,113.015,audio_features,33yAEqzKXexYM3WlOYtTfQ,spotify:track:33yAEqzKXexYM3WlOYtTfQ,https://api.spotify.com/v1/tracks/33yAEqzKXexYM3WlOYtTfQ,https://api.spotify.com/v1/audio-analysis/33yAEqzKXexYM3WlOYtTfQ,242267,4
0.92,0.654,11,-3.051,0,0.040100000000000004,0.0236,0.015300000000000001,0.036000000000000004,0.847,117.046,audio_features,5ChkMS8OtdzJeqyybCc9R5,spotify:track:5ChkMS8OtdzJeqyybCc9R5,https://api.spotify.com/v1/tracks/5ChkMS8OtdzJeqyybCc9R5,https://api.spotify.com/v1/audio-analysis/5ChkMS8OtdzJeqyybCc9R5,293827,4
0.878,0.8210000000000001,11,-9.875,1,0.089,0.126,0.0461,0.183,0.9470000000000001,118.881,audio_features,46eu3SBuFCXWsPT39Yg3tJ,spotify:track:46eu3SBuFCXWsPT39Yg3tJ,https://api.spotify.com/v1/tracks/46eu3SBuFCXWsPT39Yg3tJ,https://api.spotify.com/v1/audio-analysis/46eu3SBuFCXWsPT39Yg3tJ,365467,4
0.787,0.889,8,-3.786,1,0.0397,0.00462,0.423,0.0665,0.394,114.091,audio_features,5lWFrW5T3JtxVCLDb7etPu,spotify:track:5lWFrW5T3JtxVCLDb7etPu,https://api.spotify.com/v1/tracks/5lWFrW5T3JtxVCLDb7etPu,https://api.spotify.com/v1/audio-analysis/5lWFrW5T3JtxVCLDb7etPu,247360,4
0.757,0.632,2,-6.83,1,0.054900000000000004,0.499,0.0,0.0723,0.742,122.936,audio_features,5PycBIeabfvX3n9ILG7Vrv,spotify:track:5PycBIeabfvX3n9ILG7Vrv,https://api.spotify.com/v1/tracks/5PycBIeabfvX3n9ILG7Vrv,https://api.spotify.com/v1/audio-analysis/5PycBIeabfvX3n9ILG7Vrv,235133,4
0.859,0.747,0,-4.176,1,0.0623,0.461,1.14e-06,0.34,0.882,124.966,audio_features,252UPuQsncbBFhTrx4Ytcc,spotify:track:252UPuQsncbBFhTrx4Ytcc,https://api.spotify.com/v1/tracks/252UPuQsncbBFhTrx4Ytcc,https://api.spotify.com/v1/audio-analysis/252UPuQsncbBFhTrx4Ytcc,239027,4
0.605,0.8220000000000001,0,-4.833,1,0.0438,0.006710000000000001,0.134,0.147,0.28800000000000003,167.997,audio_features,1zB4vmk8tFRmM9UULNzbLB,spotify:track:1zB4vmk8tFRmM9UULNzbLB,https://api.spotify.com/v1/tracks/1zB4vmk8tFRmM9UULNzbLB,https://api.spotify.com/v1/audio-analysis/1zB4vmk8tFRmM9UULNzbLB,187147,4
0.647,0.8220000000000001,5,-4.662,0,0.183,0.219,0.0,0.0908,0.962,160.019,audio_features,5b88tNINg4Q4nrRbrCXUmg,spotify:track:5b88tNINg4Q4nrRbrCXUmg,https://api.spotify.com/v1/tracks/5b88tNINg4Q4nrRbrCXUmg,https://api.spotify.com/v1/audio-analysis/5b88tNINg4Q4nrRbrCXUmg,232720,4
0.398,0.892,0,-4.455,1,0.307,0.018500000000000003,7.75e-06,0.0965,0.642,207.505,audio_features,1C3en9FHEGiau0XxcLueke,spotify:track:1C3en9FHEGiau0XxcLueke,https://api.spotify.com/v1/tracks/1C3en9FHEGiau0XxcLueke,https://api.spotify.com/v1/audio-analysis/1C3en9FHEGiau0XxcLueke,134452,3
0.728,0.742,7,-5.969,0,0.038,0.056400000000000006,0.0,0.0757,0.799,127.749,audio_features,0Wh6e5EkmQseBGVeJqzC9X,spotify:track:0Wh6e5EkmQseBGVeJqzC9X,https://api.spotify.com/v1/tracks/0Wh6e5EkmQseBGVeJqzC9X,https://api.spotify.com/v1/audio-analysis/0Wh6e5EkmQseBGVeJqzC9X,232440,4
0.595,0.8180000000000001,4,-3.115,0,0.0555,0.153,0.0,0.0878,0.41100000000000003,112.686,audio_features,0DVC2pMTkDmkoAW3XyIdYe,spotify:track:0DVC2pMTkDmkoAW3XyIdYe,https://api.spotify.com/v1/tracks/0DVC2pMTkDmkoAW3XyIdYe,https://api.spotify.com/v1/audio-analysis/0DVC2pMTkDmkoAW3XyIdYe,306120,4
0.675,0.899,10,-6.124,0,0.041800000000000004,0.06960000000000001,0.000139,0.33,0.91,103.683,audio_features,3LmpQiFNgFCnvAnhhvKUyI,spotify:track:3LmpQiFNgFCnvAnhhvKUyI,https://api.spotify.com/v1/tracks/3LmpQiFNgFCnvAnhhvKUyI,https://api.spotify.com/v1/audio-analysis/3LmpQiFNgFCnvAnhhvKUyI,285200,4
0.745,0.639,6,-4.312,0,0.0327,0.193,0.0194,0.14200000000000002,0.713,111.957,audio_features,33wtOrINFmeERJsRPfoSVw,spotify:track:33wtOrINFmeERJsRPfoSVw,https://api.spotify.com/v1/tracks/33wtOrINFmeERJsRPfoSVw,https://api.spotify.com/v1/audio-analysis/33wtOrINFmeERJsRPfoSVw,192800,4
0.685,0.665,9,-12.586,1,0.0318,0.123,0.000336,0.222,0.981,125.918,audio_features,79KIMUAkOLIREcEy859KSh,spotify:track:79KIMUAkOLIREcEy859KSh,https://api.spotify.com/v1/tracks/79KIMUAkOLIREcEy859KSh,https://api.spotify.com/v1/audio-analysis/79KIMUAkOLIREcEy859KSh,216293,4
0.618,0.748,0,-8.905,1,0.358,0.038400000000000004,4.1e-06,0.0473,0.663,134.114,audio_features,3EYOJ48Et32uATr9ZmLnAo,spotify:track:3EYOJ48Et32uATr9ZmLnAo,https://api.spotify.com/v1/tracks/3EYOJ48Et32uATr9ZmLnAo,https://api.spotify.com/v1/audio-analysis/3EYOJ48Et32uATr9ZmLnAo,191947,4
0.577,0.808,1,-7.04,0,0.039,0.033800000000000004,1.3300000000000001e-05,0.221,0.869,151.008,audio_features,1oYYd2gnWZYrt89EBXdFiO,spotify:track:1oYYd2gnWZYrt89EBXdFiO,https://api.spotify.com/v1/tracks/1oYYd2gnWZYrt89EBXdFiO,https://api.spotify.com/v1/audio-analysis/1oYYd2gnWZYrt89EBXdFiO,290280,4
0.667,0.844,1,-5.268,1,0.0322,0.0014600000000000001,0.27,0.139,0.43,107.992,audio_features,5RrDWeiIO5XgKX6bR46yZT,spotify:track:5RrDWeiIO5XgKX6bR46yZT,https://api.spotify.com/v1/tracks/5RrDWeiIO5XgKX6bR46yZT,https://api.spotify.com/v1/audio-analysis/5RrDWeiIO5XgKX6bR46yZT,205013,4
0.764,0.925,1,-1.9969999999999999,1,0.0974,0.0007469999999999999,0.136,0.218,0.456,127.948,audio_features,454luzZ5FPjOcx43yQWte9,spotify:track:454luzZ5FPjOcx43yQWte9,https://api.spotify.com/v1/tracks/454luzZ5FPjOcx43yQWte9,https://api.spotify.com/v1/audio-analysis/454luzZ5FPjOcx43yQWte9,194531,4
0.583,0.8290000000000001,1,-4.603,1,0.134,0.00864,0.0,0.0426,0.5750000000000001,174.028,audio_features,49FYlytm3dAAraYgpoJZux,spotify:track:49FYlytm3dAAraYgpoJZux,https://api.spotify.com/v1/tracks/49FYlytm3dAAraYgpoJZux,https://api.spotify.com/v1/audio-analysis/49FYlytm3dAAraYgpoJZux,275987,4
0.835,0.669,6,-5.582,0,0.06430000000000001,0.033600000000000005,6.92e-05,0.053500000000000006,0.542,122.668,audio_features,0ByMNEPAPpOR5H69DVrTNy,spotify:track:0ByMNEPAPpOR5H69DVrTNy,https://api.spotify.com/v1/tracks/0ByMNEPAPpOR5H69DVrTNy,https://api.spotify.com/v1/audio-analysis/0ByMNEPAPpOR5H69DVrTNy,267080,4
0.5640000000000001,0.71,11,-4.92,0,0.0461,0.00125,0.0,0.109,0.393,91.972,audio_features,6O20JhBJPePEkBdrB5sqRx,spotify:track:6O20JhBJPePEkBdrB5sqRx,https://api.spotify.com/v1/tracks/6O20JhBJPePEkBdrB5sqRx,https://api.spotify.com/v1/audio-analysis/6O20JhBJPePEkBdrB5sqRx,225147,4
0.607,0.993,10,-4.511,0,0.148,0.0031400000000000004,0.593,0.112,0.229,136.208,audio_features,3tehrxZR8eaANHov4cEctL,spotify:track:3tehrxZR8eaANHov4cEctL,https://api.spotify.com/v1/tracks/3tehrxZR8eaANHov4cEctL,https://api.spotify.com/v1/audio-analysis/3tehrxZR8eaANHov4cEctL,342733,4
0.606,0.9,6,-5.168,1,0.054700000000000006,0.000508,0.901,0.112,0.115,140.035,audio_features,1j6lrR4BzRGKwvAPfrIcbf,spotify:track:1j6lrR4BzRGKwvAPfrIcbf,https://api.spotify.com/v1/tracks/1j6lrR4BzRGKwvAPfrIcbf,https://api.spotify.com/v1/audio-analysis/1j6lrR4BzRGKwvAPfrIcbf,295027,4
0.657,0.9450000000000001,6,-6.7780000000000005,0,0.0567,0.00859,0.00572,0.326,0.861,127.997,audio_features,0dcHVr1wMHOG06DCJa117F,spotify:track:0dcHVr1wMHOG06DCJa117F,https://api.spotify.com/v1/tracks/0dcHVr1wMHOG06DCJa117F,https://api.spotify.com/v1/audio-analysis/0dcHVr1wMHOG06DCJa117F,259082,4
0.6890000000000001,0.8250000000000001,5,-6.062,0,0.07930000000000001,0.126,0.0,0.20700000000000002,0.9560000000000001,105.011,audio_features,0ObG1Znm1Bd6yVgsosPhCJ,spotify:track:0ObG1Znm1Bd6yVgsosPhCJ,https://api.spotify.com/v1/tracks/0ObG1Znm1Bd6yVgsosPhCJ,https://api.spotify.com/v1/audio-analysis/0ObG1Znm1Bd6yVgsosPhCJ,217339,4
0.667,0.794,4,-7.608,0,0.027800000000000002,0.0074600000000000005,5.86e-06,0.09970000000000001,0.887,117.946,audio_features,4ePsPRmL0aXbgCY2BwOBGZ,spotify:track:4ePsPRmL0aXbgCY2BwOBGZ,https://api.spotify.com/v1/tracks/4ePsPRmL0aXbgCY2BwOBGZ,https://api.spotify.com/v1/audio-analysis/4ePsPRmL0aXbgCY2BwOBGZ,236571,4
0.621,0.907,2,-3.923,1,0.047400000000000005,0.091,0.0,0.067,0.884,128.056,audio_features,3s6ltUrI93LBKU8taezsLn,spotify:track:3s6ltUrI93LBKU8taezsLn,https://api.spotify.com/v1/tracks/3s6ltUrI93LBKU8taezsLn,https://api.spotify.com/v1/audio-analysis/3s6ltUrI93LBKU8taezsLn,233693,4
0.808,0.661,0,-6.237,0,0.0395,0.0358,0.0,0.138,0.804,107.992,audio_features,1m0UFnuTktOkksvjbF9z0m,spotify:track:1m0UFnuTktOkksvjbF9z0m,https://api.spotify.com/v1/tracks/1m0UFnuTktOkksvjbF9z0m,https://api.spotify.com/v1/audio-analysis/1m0UFnuTktOkksvjbF9z0m,235556,4
0.704,0.868,2,-5.808,1,0.0315,0.0834,0.0,0.20600000000000002,0.808,131.468,audio_features,3XIEWK1V9n25PS9Vb6axj5,spotify:track:3XIEWK1V9n25PS9Vb6axj5,https://api.spotify.com/v1/tracks/3XIEWK1V9n25PS9Vb6axj5,https://api.spotify.com/v1/audio-analysis/3XIEWK1V9n25PS9Vb6axj5,188133,4
0.623,0.915,3,-5.349,1,0.0413,0.0167,0.0,0.361,0.838,129.961,audio_features,6KGHsN5QI0qunsADx3e51i,spotify:track:6KGHsN5QI0qunsADx3e51i,https://api.spotify.com/v1/tracks/6KGHsN5QI0qunsADx3e51i,https://api.spotify.com/v1/audio-analysis/6KGHsN5QI0qunsADx3e51i,230147,4
0.791,0.59,1,-9.206,0,0.07930000000000001,0.0994,0.00203,0.065,0.714,119.951,audio_features,2GYHyAoLWpkxLVa4oYTVko,spotify:track:2GYHyAoLWpkxLVa4oYTVko,https://api.spotify.com/v1/tracks/2GYHyAoLWpkxLVa4oYTVko,https://api.spotify.com/v1/audio-analysis/2GYHyAoLWpkxLVa4oYTVko,206067,4
0.834,0.964,0,-3.822,1,0.232,0.198,0.0,0.176,0.68,127.994,audio_features,6zUOTErlhzIGzCg9cQz7SU,spotify:track:6zUOTErlhzIGzCg9cQz7SU,https://api.spotify.com/v1/tracks/6zUOTErlhzIGzCg9cQz7SU,https://api.spotify.com/v1/audio-analysis/6zUOTErlhzIGzCg9cQz7SU,216587,4
0.8270000000000001,0.921,11,-8.757,1,0.0541,0.431,2.1499999999999997e-06,0.533,0.965,114.368,audio_features,0sxhTL3FTKl4tJZqle8AYN,spotify:track:0sxhTL3FTKl4tJZqle8AYN,https://api.spotify.com/v1/tracks/0sxhTL3FTKl4tJZqle8AYN,https://api.spotify.com/v1/audio-analysis/0sxhTL3FTKl4tJZqle8AYN,261093,4
0.307,0.635,7,-8.957,1,0.0339,0.0154,0.00483,0.366,0.304,166.973,audio_features,2IZZqH4K02UIYg5EohpNHF,spotify:track:2IZZqH4K02UIYg5EohpNHF,https://api.spotify.com/v1/tracks/2IZZqH4K02UIYg5EohpNHF,https://api.spotify.com/v1/audio-analysis/2IZZqH4K02UIYg5EohpNHF,306427,4
0.772,0.783,8,-6.257,0,0.035300000000000005,0.336,0.0,0.163,0.71,103.079,audio_features,2KiHXiqQA2dHiLfeSxtTeP,spotify:track:2KiHXiqQA2dHiLfeSxtTeP,https://api.spotify.com/v1/tracks/2KiHXiqQA2dHiLfeSxtTeP,https://api.spotify.com/v1/audio-analysis/2KiHXiqQA2dHiLfeSxtTeP,201960,4
0.35100000000000003,0.8210000000000001,6,-5.353,0,0.055200000000000006,0.0024500000000000004,0.28500000000000003,0.06280000000000001,0.361,89.592,audio_features,4LB4Qth2yvaimEFdV6C1jA,spotify:track:4LB4Qth2yvaimEFdV6C1jA,https://api.spotify.com/v1/tracks/4LB4Qth2yvaimEFdV6C1jA,https://api.spotify.com/v1/audio-analysis/4LB4Qth2yvaimEFdV6C1jA,128880,4
0.762,0.856,4,-3.731,0,0.07590000000000001,0.253,0.0,0.22,0.863,104.011,audio_features,3BAAiD3xHHocvkKFOvM5B6,spotify:track:3BAAiD3xHHocvkKFOvM5B6,https://api.spotify.com/v1/tracks/3BAAiD3xHHocvkKFOvM5B6,https://api.spotify.com/v1/audio-analysis/3BAAiD3xHHocvkKFOvM5B6,216923,4
0.5710000000000001,0.755,1,-7.907,1,0.07350000000000001,0.14200000000000002,2.55e-05,0.136,0.875,107.951,audio_features,00Ro1lnV3V6i87aY4t8Q43,spotify:track:00Ro1lnV3V6i87aY4t8Q43,https://api.spotify.com/v1/tracks/00Ro1lnV3V6i87aY4t8Q43,https://api.spotify.com/v1/audio-analysis/00Ro1lnV3V6i87aY4t8Q43,376013,4
0.642,0.7000000000000001,1,-9.213,1,0.055200000000000006,0.17200000000000001,0.000232,0.08950000000000001,0.784,103.899,audio_features,3WXfQDsASfXrSojk9WB3aR,spotify:track:3WXfQDsASfXrSojk9WB3aR,https://api.spotify.com/v1/tracks/3WXfQDsASfXrSojk9WB3aR,https://api.spotify.com/v1/audio-analysis/3WXfQDsASfXrSojk9WB3aR,312480,4
0.782,0.791,0,-6.321,1,0.0383,0.47400000000000003,0.0012000000000000001,0.0555,0.8190000000000001,99.992,audio_features,6258We1xSV3M2oLVMwhirP,spotify:track:6258We1xSV3M2oLVMwhirP,https://api.spotify.com/v1/tracks/6258We1xSV3M2oLVMwhirP,https://api.spotify.com/v1/audio-analysis/6258We1xSV3M2oLVMwhirP,374840,4
0.5660000000000001,0.66,1,-4.039,1,0.047900000000000005,0.015600000000000001,0.0,0.234,0.52,162.159,audio_features,6YdQgWSpsxhVeX6Xmv3IFJ,spotify:track:6YdQgWSpsxhVeX6Xmv3IFJ,https://api.spotify.com/v1/tracks/6YdQgWSpsxhVeX6Xmv3IFJ,https://api.spotify.com/v1/audio-analysis/6YdQgWSpsxhVeX6Xmv3IFJ,179979,3
0.644,0.755,1,-5.325,1,0.0448,0.00237,7.64e-06,0.0859,0.334,102.861,audio_features,6zegtH6XXd2PDPLvy1Y0n2,spotify:track:6zegtH6XXd2PDPLvy1Y0n2,https://api.spotify.com/v1/tracks/6zegtH6XXd2PDPLvy1Y0n2,https://api.spotify.com/v1/audio-analysis/6zegtH6XXd2PDPLvy1Y0n2,190067,4
0.72,0.595,2,-6.109,0,0.0976,0.06720000000000001,4.730000000000001e-05,0.0775,0.486,111.0,audio_features,1x5MjCffpcdHLf65eR9r3T,spotify:track:1x5MjCffpcdHLf65eR9r3T,https://api.spotify.com/v1/tracks/1x5MjCffpcdHLf65eR9r3T,https://api.spotify.com/v1/audio-analysis/1x5MjCffpcdHLf65eR9r3T,207187,4
0.704,0.969,5,-2.482,0,0.0738,0.048400000000000006,1.2e-05,0.257,0.378,125.033,audio_features,5uiQynC3Gq7tR7U41BONTF,spotify:track:5uiQynC3Gq7tR7U41BONTF,https://api.spotify.com/v1/tracks/5uiQynC3Gq7tR7U41BONTF,https://api.spotify.com/v1/audio-analysis/5uiQynC3Gq7tR7U41BONTF,175048,4
0.763,0.669,9,-4.402,0,0.0651,0.156,0.0,0.0867,0.609,135.028,audio_features,5QQKWOwPjG9vcDBTQ5Hv5Q,spotify:track:5QQKWOwPjG9vcDBTQ5Hv5Q,https://api.spotify.com/v1/tracks/5QQKWOwPjG9vcDBTQ5Hv5Q,https://api.spotify.com/v1/audio-analysis/5QQKWOwPjG9vcDBTQ5Hv5Q,212000,4
0.561,0.965,7,-3.673,0,0.034300000000000004,0.0038300000000000005,7.07e-06,0.371,0.304,128.04,audio_features,4uUG5RXrOk84mYEfFvj3cK,spotify:track:4uUG5RXrOk84mYEfFvj3cK,https://api.spotify.com/v1/tracks/4uUG5RXrOk84mYEfFvj3cK,https://api.spotify.com/v1/audio-analysis/4uUG5RXrOk84mYEfFvj3cK,175238,4
0.704,0.797,0,-5.927,1,0.0475,0.0826,0.000745,0.0546,0.8250000000000001,139.994,audio_features,4h9wh7iOZ0GGn8QVp4RAOB,spotify:track:4h9wh7iOZ0GGn8QVp4RAOB,https://api.spotify.com/v1/tracks/4h9wh7iOZ0GGn8QVp4RAOB,https://api.spotify.com/v1/audio-analysis/4h9wh7iOZ0GGn8QVp4RAOB,148486,4
0.78,0.6890000000000001,7,-5.668,1,0.14100000000000001,0.0368,9.689999999999999e-06,0.0698,0.642,115.042,audio_features,1xzi1Jcr7mEi9K2RfzLOqS,spotify:track:1xzi1Jcr7mEi9K2RfzLOqS,https://api.spotify.com/v1/tracks/1xzi1Jcr7mEi9K2RfzLOqS,https://api.spotify.com/v1/audio-analysis/1xzi1Jcr7mEi9K2RfzLOqS,225389,4
0.463,0.672,8,-6.071,0,0.049800000000000004,0.728,0.743,0.0993,0.522,74.916,audio_features,4MOCTiC5mMrJuhLFSNjiIM,spotify:track:4MOCTiC5mMrJuhLFSNjiIM,https://api.spotify.com/v1/tracks/4MOCTiC5mMrJuhLFSNjiIM,https://api.spotify.com/v1/audio-analysis/4MOCTiC5mMrJuhLFSNjiIM,338000,4
0.26,0.218,7,-10.849,0,0.035300000000000005,0.673,0.9420000000000001,0.116,0.054700000000000006,64.012,audio_features,0Sy2FEb4SM0EEZZPCZTolt,spotify:track:0Sy2FEb4SM0EEZZPCZTolt,https://api.spotify.com/v1/tracks/0Sy2FEb4SM0EEZZPCZTolt,https://api.spotify.com/v1/audio-analysis/0Sy2FEb4SM0EEZZPCZTolt,639000,5
0.5660000000000001,0.66,1,-4.039,1,0.047900000000000005,0.015600000000000001,0.0,0.234,0.52,162.159,audio_features,6YdQgWSpsxhVeX6Xmv3IFJ,spotify:track:6YdQgWSpsxhVeX6Xmv3IFJ,https://api.spotify.com/v1/tracks/6YdQgWSpsxhVeX6Xmv3IFJ,https://api.spotify.com/v1/audio-analysis/6YdQgWSpsxhVeX6Xmv3IFJ,179979,3
0.654,0.292,2,-12.977,1,0.47400000000000003,0.09620000000000001,0.0031000000000000003,0.106,0.10300000000000001,153.547,audio_features,3VFj5odD26z1u2eV6Vwxa6,spotify:track:3VFj5odD26z1u2eV6Vwxa6,https://api.spotify.com/v1/tracks/3VFj5odD26z1u2eV6Vwxa6,https://api.spotify.com/v1/audio-analysis/3VFj5odD26z1u2eV6Vwxa6,252095,4
0.588,0.518,1,-8.071,1,0.043500000000000004,0.255,0.398,0.355,0.462,156.012,audio_features,2B8VEO8a9zIFs0ILrKw4uz,spotify:track:2B8VEO8a9zIFs0ILrKw4uz,https://api.spotify.com/v1/tracks/2B8VEO8a9zIFs0ILrKw4uz,https://api.spotify.com/v1/audio-analysis/2B8VEO8a9zIFs0ILrKw4uz,179133,4
0.615,0.597,5,-6.342,1,0.03,0.033100000000000004,1.33e-06,0.0853,0.8250000000000001,77.032,audio_features,3Rm8WZtaNoawwisPDqjw1E,spotify:track:3Rm8WZtaNoawwisPDqjw1E,https://api.spotify.com/v1/tracks/3Rm8WZtaNoawwisPDqjw1E,https://api.spotify.com/v1/audio-analysis/3Rm8WZtaNoawwisPDqjw1E,193547,4
0.375,0.47200000000000003,0,-6.311,1,0.036500000000000005,0.84,0.0,0.10300000000000001,0.28300000000000003,106.697,audio_features,6yTp5aLtvpJvRqfW4jY7aT,spotify:track:6yTp5aLtvpJvRqfW4jY7aT,https://api.spotify.com/v1/tracks/6yTp5aLtvpJvRqfW4jY7aT,https://api.spotify.com/v1/audio-analysis/6yTp5aLtvpJvRqfW4jY7aT,273427,4
0.56,0.675,8,-10.44,1,0.0539,0.787,0.021400000000000002,0.386,0.639,122.548,audio_features,7CZSrbjJcPLCelIZtgIQ3P,spotify:track:7CZSrbjJcPLCelIZtgIQ3P,https://api.spotify.com/v1/tracks/7CZSrbjJcPLCelIZtgIQ3P,https://api.spotify.com/v1/audio-analysis/7CZSrbjJcPLCelIZtgIQ3P,229560,4
0.292,0.359,5,-9.043,1,0.0328,0.6970000000000001,1.8500000000000002e-05,0.108,0.228,177.334,audio_features,3AOcpwgy3V2Fwg7B8PZfKl,spotify:track:3AOcpwgy3V2Fwg7B8PZfKl,https://api.spotify.com/v1/tracks/3AOcpwgy3V2Fwg7B8PZfKl,https://api.spotify.com/v1/audio-analysis/3AOcpwgy3V2Fwg7B8PZfKl,283259,3
0.485,0.513,5,-5.91,0,0.0614,0.708,0.0,0.508,0.385,90.374,audio_features,2Lv9mFjcIFPn8zyWF89EAe,spotify:track:2Lv9mFjcIFPn8zyWF89EAe,https://api.spotify.com/v1/tracks/2Lv9mFjcIFPn8zyWF89EAe,https://api.spotify.com/v1/audio-analysis/2Lv9mFjcIFPn8zyWF89EAe,246062,4
0.6970000000000001,0.759,4,-6.907,1,0.0285,0.194,0.00012299999999999998,0.383,0.9460000000000001,133.989,audio_features,2cEg3qW0QExTEn5GBVqX4O,spotify:track:2cEg3qW0QExTEn5GBVqX4O,https://api.spotify.com/v1/tracks/2cEg3qW0QExTEn5GBVqX4O,https://api.spotify.com/v1/audio-analysis/2cEg3qW0QExTEn5GBVqX4O,219547,4
0.551,0.608,3,-6.914,1,0.024300000000000002,0.08510000000000001,1.6000000000000003e-05,0.155,0.532,97.374,audio_features,5DgF0Z6JN0Z5VsGxV1My3Q,spotify:track:5DgF0Z6JN0Z5VsGxV1My3Q,https://api.spotify.com/v1/tracks/5DgF0Z6JN0Z5VsGxV1My3Q,https://api.spotify.com/v1/audio-analysis/5DgF0Z6JN0Z5VsGxV1My3Q,218827,4
0.676,0.908,10,-2.616,0,0.0728,0.247,0.0,0.532,0.809,121.934,audio_features,2P3OD1Ne1YHTHeB7McNytk,spotify:track:2P3OD1Ne1YHTHeB7McNytk,https://api.spotify.com/v1/tracks/2P3OD1Ne1YHTHeB7McNytk,https://api.spotify.com/v1/audio-analysis/2P3OD1Ne1YHTHeB7McNytk,178192,4
0.47200000000000003,0.366,11,-12.595,0,0.0286,0.15,0.308,0.08370000000000001,0.171,127.167,audio_features,29zkoUsOE50f0I3n44LjjU,spotify:track:29zkoUsOE50f0I3n44LjjU,https://api.spotify.com/v1/tracks/29zkoUsOE50f0I3n44LjjU,https://api.spotify.com/v1/audio-analysis/29zkoUsOE50f0I3n44LjjU,382297,4
0.579,0.508,2,-9.484,1,0.027,0.00574,0.000494,0.0575,0.609,147.125,audio_features,40riOy7x9W7GXjyGp4pjAv,spotify:track:40riOy7x9W7GXjyGp4pjAv,https://api.spotify.com/v1/tracks/40riOy7x9W7GXjyGp4pjAv,https://api.spotify.com/v1/audio-analysis/40riOy7x9W7GXjyGp4pjAv,391376,4
0.731,0.797,5,-9.992,1,0.0309,0.0771,0.024800000000000003,0.334,0.933,148.192,audio_features,3LTMnFa0hhwisyq6ILahyj,spotify:track:3LTMnFa0hhwisyq6ILahyj,https://api.spotify.com/v1/tracks/3LTMnFa0hhwisyq6ILahyj,https://api.spotify.com/v1/audio-analysis/3LTMnFa0hhwisyq6ILahyj,348624,4
0.577,0.741,4,-6.351,1,0.0867,0.257,1.84e-05,0.215,0.437,96.022,audio_features,7v9eWh158hCcdtcjRfImnO,spotify:track:7v9eWh158hCcdtcjRfImnO,https://api.spotify.com/v1/tracks/7v9eWh158hCcdtcjRfImnO,https://api.spotify.com/v1/audio-analysis/7v9eWh158hCcdtcjRfImnO,261107,4
0.40700000000000003,0.5650000000000001,3,-11.487,0,0.0322,0.361,0.00014199999999999998,0.105,0.502,125.096,audio_features,6l8BhUGXyQWFGWJY5tohDC,spotify:track:6l8BhUGXyQWFGWJY5tohDC,https://api.spotify.com/v1/tracks/6l8BhUGXyQWFGWJY5tohDC,https://api.spotify.com/v1/audio-analysis/6l8BhUGXyQWFGWJY5tohDC,430453,4
0.898,0.365,0,-10.452,1,0.046200000000000005,0.159,9.28e-06,0.132,0.5630000000000001,98.53,audio_features,3PQLYVskjUeRmRIfECsL0X,spotify:track:3PQLYVskjUeRmRIfECsL0X,https://api.spotify.com/v1/tracks/3PQLYVskjUeRmRIfECsL0X,https://api.spotify.com/v1/audio-analysis/3PQLYVskjUeRmRIfECsL0X,226240,4
0.916,0.72,0,-8.548,1,0.1,0.36,0.00016,0.09580000000000001,0.76,103.312,audio_features,5O4erNlJ74PIF6kGol1ZrC,spotify:track:5O4erNlJ74PIF6kGol1ZrC,https://api.spotify.com/v1/tracks/5O4erNlJ74PIF6kGol1ZrC,https://api.spotify.com/v1/audio-analysis/5O4erNlJ74PIF6kGol1ZrC,237000,4
0.671,0.256,7,-10.743,1,0.038700000000000005,0.608,0.0,0.0737,0.6940000000000001,115.871,audio_features,26PwuMotZqcczKLHi4Htz3,spotify:track:26PwuMotZqcczKLHi4Htz3,https://api.spotify.com/v1/tracks/26PwuMotZqcczKLHi4Htz3,https://api.spotify.com/v1/audio-analysis/26PwuMotZqcczKLHi4Htz3,233560,4
0.64,0.647,5,-8.114,0,0.186,0.124,0.0,0.0801,0.546,92.979,audio_features,70eFcWOvlMObDhURTqT4Fv,spotify:track:70eFcWOvlMObDhURTqT4Fv,https://api.spotify.com/v1/tracks/70eFcWOvlMObDhURTqT4Fv,https://api.spotify.com/v1/audio-analysis/70eFcWOvlMObDhURTqT4Fv,197867,4
0.605,0.687,9,-13.928,0,0.045,0.47900000000000004,0.9490000000000001,0.10400000000000001,0.12,106.896,audio_features,2LD2gT7gwAurzdQDQtILds,spotify:track:2LD2gT7gwAurzdQDQtILds,https://api.spotify.com/v1/tracks/2LD2gT7gwAurzdQDQtILds,https://api.spotify.com/v1/audio-analysis/2LD2gT7gwAurzdQDQtILds,345187,4
0.514,0.09190000000000001,3,-13.168,1,0.0458,0.931,0.0,0.0655,0.429,99.294,audio_features,5WhMVZ58MqdvACu3OaP5cZ,spotify:track:5WhMVZ58MqdvACu3OaP5cZ,https://api.spotify.com/v1/tracks/5WhMVZ58MqdvACu3OaP5cZ,https://api.spotify.com/v1/audio-analysis/5WhMVZ58MqdvACu3OaP5cZ,216307,4
0.557,0.442,5,-7.224,1,0.024300000000000002,0.731,1.46e-05,0.11,0.213,146.277,audio_features,75JFxkI2RXiU7L9VXzMkle,spotify:track:75JFxkI2RXiU7L9VXzMkle,https://api.spotify.com/v1/tracks/75JFxkI2RXiU7L9VXzMkle,https://api.spotify.com/v1/audio-analysis/75JFxkI2RXiU7L9VXzMkle,309600,4
0.272,0.268,7,-10.938,0,0.0361,0.753,0.0,0.244,0.28200000000000003,146.31,audio_features,1ZrtmwKkF7LEl8fgOn4h0d,spotify:track:1ZrtmwKkF7LEl8fgOn4h0d,https://api.spotify.com/v1/tracks/1ZrtmwKkF7LEl8fgOn4h0d,https://api.spotify.com/v1/audio-analysis/1ZrtmwKkF7LEl8fgOn4h0d,268500,4
0.495,0.744,10,-6.202,1,0.0528,0.629,0.0029600000000000004,0.0999,0.71,108.648,audio_features,5kBccqLw9L0c7Bl2v1OsdV,spotify:track:5kBccqLw9L0c7Bl2v1OsdV,https://api.spotify.com/v1/tracks/5kBccqLw9L0c7Bl2v1OsdV,https://api.spotify.com/v1/audio-analysis/5kBccqLw9L0c7Bl2v1OsdV,251920,4
0.486,0.433,4,-8.817,1,0.038900000000000004,0.256,2.16e-06,0.09770000000000001,0.523,102.12,audio_features,1Dm6ZTrjFzjknYiXiaUHei,spotify:track:1Dm6ZTrjFzjknYiXiaUHei,https://api.spotify.com/v1/tracks/1Dm6ZTrjFzjknYiXiaUHei,https://api.spotify.com/v1/audio-analysis/1Dm6ZTrjFzjknYiXiaUHei,226800,4
0.399,0.326,7,-9.239,0,0.0386,0.864,0.0,0.191,0.546,79.206,audio_features,6Rqn2GFlmvmV4w9Ala0I1e,spotify:track:6Rqn2GFlmvmV4w9Ala0I1e,https://api.spotify.com/v1/tracks/6Rqn2GFlmvmV4w9Ala0I1e,https://api.spotify.com/v1/audio-analysis/6Rqn2GFlmvmV4w9Ala0I1e,174000,4
0.42,0.398,6,-9.13,0,0.0296,0.755,0.0005369999999999999,0.17200000000000001,0.364,88.897,audio_features,0sjxRg1VlYfx4YG7uxurrq,spotify:track:0sjxRg1VlYfx4YG7uxurrq,https://api.spotify.com/v1/tracks/0sjxRg1VlYfx4YG7uxurrq,https://api.spotify.com/v1/audio-analysis/0sjxRg1VlYfx4YG7uxurrq,155027,3
0.728,0.505,5,-7.874,0,0.0324,0.123,0.00234,0.203,0.585,118.081,audio_features,738Ku4hI0ezRMNheUcW8Eh,spotify:track:738Ku4hI0ezRMNheUcW8Eh,https://api.spotify.com/v1/tracks/738Ku4hI0ezRMNheUcW8Eh,https://api.spotify.com/v1/audio-analysis/738Ku4hI0ezRMNheUcW8Eh,305653,4
0.58,0.324,11,-9.429,0,0.0543,0.887,0.0,0.224,0.246,77.45,audio_features,7Grw73QC2BopimbTXSbV3o,spotify:track:7Grw73QC2BopimbTXSbV3o,https://api.spotify.com/v1/tracks/7Grw73QC2BopimbTXSbV3o,https://api.spotify.com/v1/audio-analysis/7Grw73QC2BopimbTXSbV3o,264516,4
0.31,0.676,11,-12.859,0,0.08850000000000001,0.211,0.914,0.685,0.382,90.966,audio_features,5OjRtrpSSpnvlbSSNEbVrN,spotify:track:5OjRtrpSSpnvlbSSNEbVrN,https://api.spotify.com/v1/tracks/5OjRtrpSSpnvlbSSNEbVrN,https://api.spotify.com/v1/audio-analysis/5OjRtrpSSpnvlbSSNEbVrN,400880,4
0.723,0.747,5,-5.275,1,0.0641,0.309,0.0,0.0688,0.785,113.956,audio_features,09EaI3HCH8QFMsl9bKVMLr,spotify:track:09EaI3HCH8QFMsl9bKVMLr,https://api.spotify.com/v1/tracks/09EaI3HCH8QFMsl9bKVMLr,https://api.spotify.com/v1/audio-analysis/09EaI3HCH8QFMsl9bKVMLr,257368,4
0.809,0.5690000000000001,10,-4.448,0,0.049100000000000005,0.41500000000000004,0.0,0.0742,0.554,120.017,audio_features,5SIHP5mVP4znTOBAQn8CIB,spotify:track:5SIHP5mVP4znTOBAQn8CIB,https://api.spotify.com/v1/tracks/5SIHP5mVP4znTOBAQn8CIB,https://api.spotify.com/v1/audio-analysis/5SIHP5mVP4znTOBAQn8CIB,206022,4
0.777,0.631,1,-5.842,0,0.0555,0.0261,4.33e-06,0.0611,0.862,98.067,audio_features,7hrFAtXVm4myZwcpSHX9YO,spotify:track:7hrFAtXVm4myZwcpSHX9YO,https://api.spotify.com/v1/tracks/7hrFAtXVm4myZwcpSHX9YO,https://api.spotify.com/v1/audio-analysis/7hrFAtXVm4myZwcpSHX9YO,191478,4
0.766,0.614,2,-8.359,1,0.047400000000000005,0.36,0.0,0.361,0.526,120.005,audio_features,0SIn8Ig7Ln9CfmAS1IlEiL,spotify:track:0SIn8Ig7Ln9CfmAS1IlEiL,https://api.spotify.com/v1/tracks/0SIn8Ig7Ln9CfmAS1IlEiL,https://api.spotify.com/v1/audio-analysis/0SIn8Ig7Ln9CfmAS1IlEiL,118500,4
0.6950000000000001,0.664,0,-7.593,0,0.522,0.182,0.0,0.35100000000000003,0.522,82.123,audio_features,4e4uOOxqr7zwmzSkEhH5ZA,spotify:track:4e4uOOxqr7zwmzSkEhH5ZA,https://api.spotify.com/v1/tracks/4e4uOOxqr7zwmzSkEhH5ZA,https://api.spotify.com/v1/audio-analysis/4e4uOOxqr7zwmzSkEhH5ZA,370120,4
0.784,0.631,11,-7.715,1,0.09580000000000001,0.09040000000000001,0.008440000000000001,0.0264,0.964,87.955,audio_features,76a47vlZKvdJeotrpMYuvQ,spotify:track:76a47vlZKvdJeotrpMYuvQ,https://api.spotify.com/v1/tracks/76a47vlZKvdJeotrpMYuvQ,https://api.spotify.com/v1/audio-analysis/76a47vlZKvdJeotrpMYuvQ,226840,4
0.868,0.509,6,-6.642,0,0.08360000000000001,0.0274,2.0700000000000002e-05,0.0551,0.838,104.02,audio_features,42SUjSOr2tsUmOIlYBX04Z,spotify:track:42SUjSOr2tsUmOIlYBX04Z,https://api.spotify.com/v1/tracks/42SUjSOr2tsUmOIlYBX04Z,https://api.spotify.com/v1/audio-analysis/42SUjSOr2tsUmOIlYBX04Z,308013,4
0.723,0.167,9,-18.2,0,0.079,0.9530000000000001,0.79,0.109,0.219,80.004,audio_features,66ovOAlYsAUFnsl7ti8tvm,spotify:track:66ovOAlYsAUFnsl7ti8tvm,https://api.spotify.com/v1/tracks/66ovOAlYsAUFnsl7ti8tvm,https://api.spotify.com/v1/audio-analysis/66ovOAlYsAUFnsl7ti8tvm,112867,1
0.451,0.28500000000000003,2,-12.827,0,0.032600000000000004,0.75,0.0,0.0889,0.082,119.993,audio_features,3aad1nkda85OY5NUfBpfbK,spotify:track:3aad1nkda85OY5NUfBpfbK,https://api.spotify.com/v1/tracks/3aad1nkda85OY5NUfBpfbK,https://api.spotify.com/v1/audio-analysis/3aad1nkda85OY5NUfBpfbK,293173,1
0.46900000000000003,0.651,9,-9.451,0,0.031,0.11900000000000001,0.912,0.258,0.5710000000000001,117.806,audio_features,68tUPXocETrGUU05xfVUpn,spotify:track:68tUPXocETrGUU05xfVUpn,https://api.spotify.com/v1/tracks/68tUPXocETrGUU05xfVUpn,https://api.spotify.com/v1/audio-analysis/68tUPXocETrGUU05xfVUpn,491178,4
0.338,0.34,9,-12.049,0,0.0339,0.58,0.0032,0.116,0.197,82.433,audio_features,0RO9W1xJoUEpq5MEelddFb,spotify:track:0RO9W1xJoUEpq5MEelddFb,https://api.spotify.com/v1/tracks/0RO9W1xJoUEpq5MEelddFb,https://api.spotify.com/v1/audio-analysis/0RO9W1xJoUEpq5MEelddFb,482830,4
0.497,0.725,1,-3.363,1,0.0346,0.0541,0.000187,0.157,0.169,114.473,audio_features,4YZn1qurzH8y82Iobmt8pV,spotify:track:4YZn1qurzH8y82Iobmt8pV,https://api.spotify.com/v1/tracks/4YZn1qurzH8y82Iobmt8pV,https://api.spotify.com/v1/audio-analysis/4YZn1qurzH8y82Iobmt8pV,246760,4
0.261,0.362,10,-7.3,0,0.0328,0.894,0.000215,0.728,0.116,118.843,audio_features,3bXIY7o0ijlEEccr8WKhwA,spotify:track:3bXIY7o0ijlEEccr8WKhwA,https://api.spotify.com/v1/tracks/3bXIY7o0ijlEEccr8WKhwA,https://api.spotify.com/v1/audio-analysis/3bXIY7o0ijlEEccr8WKhwA,238987,3
0.34600000000000003,0.198,2,-12.208,0,0.0334,0.5660000000000001,0.893,0.09580000000000001,0.163,138.103,audio_features,3uErbNGaNIPJkRlMrLxR9Z,spotify:track:3uErbNGaNIPJkRlMrLxR9Z,https://api.spotify.com/v1/tracks/3uErbNGaNIPJkRlMrLxR9Z,https://api.spotify.com/v1/audio-analysis/3uErbNGaNIPJkRlMrLxR9Z,285533,3
0.641,0.8240000000000001,11,-5.483,0,0.0432,0.0651,1.99e-06,0.09280000000000001,0.627,126.054,audio_features,6DFzpa0eHyEkvQ2oeewmA2,spotify:track:6DFzpa0eHyEkvQ2oeewmA2,https://api.spotify.com/v1/tracks/6DFzpa0eHyEkvQ2oeewmA2,https://api.spotify.com/v1/audio-analysis/6DFzpa0eHyEkvQ2oeewmA2,236840,4
0.66,0.8160000000000001,2,-6.61,1,0.029900000000000003,0.168,0.0181,0.0608,0.678,111.346,audio_features,3fH4KjXFYMmljxrcGrbPj9,spotify:track:3fH4KjXFYMmljxrcGrbPj9,https://api.spotify.com/v1/tracks/3fH4KjXFYMmljxrcGrbPj9,https://api.spotify.com/v1/audio-analysis/3fH4KjXFYMmljxrcGrbPj9,263040,4
0.487,0.303,2,-6.8260000000000005,0,0.0379,0.678,0.0,0.34700000000000003,0.332,97.837,audio_features,1mR2KQy1rN55wbCr0rfAqN,spotify:track:1mR2KQy1rN55wbCr0rfAqN,https://api.spotify.com/v1/tracks/1mR2KQy1rN55wbCr0rfAqN,https://api.spotify.com/v1/audio-analysis/1mR2KQy1rN55wbCr0rfAqN,197107,4
0.591,0.395,9,-11.518,0,0.048,0.429,0.0,0.152,0.289,131.373,audio_features,4upFwKKAop67COKR4ohcpb,spotify:track:4upFwKKAop67COKR4ohcpb,https://api.spotify.com/v1/tracks/4upFwKKAop67COKR4ohcpb,https://api.spotify.com/v1/audio-analysis/4upFwKKAop67COKR4ohcpb,149893,4
0.648,0.582,9,-10.524000000000001,1,0.031,0.6940000000000001,0.0,0.231,0.636,97.906,audio_features,4lJKn6cDD3vpZrcg6oVTr1,spotify:track:4lJKn6cDD3vpZrcg6oVTr1,https://api.spotify.com/v1/tracks/4lJKn6cDD3vpZrcg6oVTr1,https://api.spotify.com/v1/audio-analysis/4lJKn6cDD3vpZrcg6oVTr1,161080,4
0.466,0.303,9,-7.195,1,0.0359,0.609,0.0,0.194,0.261,126.616,audio_features,3c0DRhn53wHSNzwcTCOQOd,spotify:track:3c0DRhn53wHSNzwcTCOQOd,https://api.spotify.com/v1/tracks/3c0DRhn53wHSNzwcTCOQOd,https://api.spotify.com/v1/audio-analysis/3c0DRhn53wHSNzwcTCOQOd,290200,1
0.377,0.337,0,-7.346,0,0.0341,0.808,0.0,0.23800000000000002,0.545,117.316,audio_features,2o0hVSbnkdvDDKKVNaUxnB,spotify:track:2o0hVSbnkdvDDKKVNaUxnB,https://api.spotify.com/v1/tracks/2o0hVSbnkdvDDKKVNaUxnB,https://api.spotify.com/v1/audio-analysis/2o0hVSbnkdvDDKKVNaUxnB,245187,3
0.36,0.394,10,-9.062,0,0.0356,0.895,0.483,0.324,0.194,176.241,audio_features,7bIx15PNDKYQoyIytZYUX9,spotify:track:7bIx15PNDKYQoyIytZYUX9,https://api.spotify.com/v1/tracks/7bIx15PNDKYQoyIytZYUX9,https://api.spotify.com/v1/audio-analysis/7bIx15PNDKYQoyIytZYUX9,276373,3
0.708,0.723,5,-8.092,0,0.049,0.0066,0.861,0.108,0.52,99.997,audio_features,6VAGKRJ1IjAcQdNvKcFJKB,spotify:track:6VAGKRJ1IjAcQdNvKcFJKB,https://api.spotify.com/v1/tracks/6VAGKRJ1IjAcQdNvKcFJKB,https://api.spotify.com/v1/audio-analysis/6VAGKRJ1IjAcQdNvKcFJKB,189720,4
0.464,0.305,3,-12.435,0,0.0316,0.936,0.08460000000000001,0.20800000000000002,0.28200000000000003,108.229,audio_features,0E8q2Fx2XuzXCO2NSAppkR,spotify:track:0E8q2Fx2XuzXCO2NSAppkR,https://api.spotify.com/v1/tracks/0E8q2Fx2XuzXCO2NSAppkR,https://api.spotify.com/v1/audio-analysis/0E8q2Fx2XuzXCO2NSAppkR,255227,4
0.28800000000000003,0.316,0,-8.06,1,0.0286,0.861,0.0,0.188,0.201,130.939,audio_features,4DEAiNBvq5yBy7NzpVc02h,spotify:track:4DEAiNBvq5yBy7NzpVc02h,https://api.spotify.com/v1/tracks/4DEAiNBvq5yBy7NzpVc02h,https://api.spotify.com/v1/audio-analysis/4DEAiNBvq5yBy7NzpVc02h,215120,4
0.873,0.41400000000000003,9,-14.447,1,0.0463,0.40700000000000003,0.000425,0.0623,0.875,119.624,audio_features,50MMKhytxNxhMMM0DNK1HQ,spotify:track:50MMKhytxNxhMMM0DNK1HQ,https://api.spotify.com/v1/tracks/50MMKhytxNxhMMM0DNK1HQ,https://api.spotify.com/v1/audio-analysis/50MMKhytxNxhMMM0DNK1HQ,254680,4
0.644,0.549,1,-5.415,0,0.0285,0.020900000000000002,8.85e-06,0.134,0.167,90.04,audio_features,6IwKcFdiRQZOWeYNhUiWIv,spotify:track:6IwKcFdiRQZOWeYNhUiWIv,https://api.spotify.com/v1/tracks/6IwKcFdiRQZOWeYNhUiWIv,https://api.spotify.com/v1/audio-analysis/6IwKcFdiRQZOWeYNhUiWIv,253813,4
0.396,0.496,2,-11.728,0,0.0356,0.833,0.00534,0.09960000000000001,0.679,165.647,audio_features,5sbw5zIz9ck2pOEDXUR0QU,spotify:track:5sbw5zIz9ck2pOEDXUR0QU,https://api.spotify.com/v1/tracks/5sbw5zIz9ck2pOEDXUR0QU,https://api.spotify.com/v1/audio-analysis/5sbw5zIz9ck2pOEDXUR0QU,256653,4
0.5750000000000001,0.432,4,-10.183,0,0.027200000000000002,0.802,0.000252,0.154,0.279,90.157,audio_features,1fcgM5wcrTpuHSFRQ0CDOT,spotify:track:1fcgM5wcrTpuHSFRQ0CDOT,https://api.spotify.com/v1/tracks/1fcgM5wcrTpuHSFRQ0CDOT,https://api.spotify.com/v1/audio-analysis/1fcgM5wcrTpuHSFRQ0CDOT,295453,4
0.533,0.376,9,-11.913,0,0.0393,0.0302,0.248,0.0926,0.187,165.007,audio_features,2EqlS6tkEnglzr7tkKAAYD,spotify:track:2EqlS6tkEnglzr7tkKAAYD,https://api.spotify.com/v1/tracks/2EqlS6tkEnglzr7tkKAAYD,https://api.spotify.com/v1/audio-analysis/2EqlS6tkEnglzr7tkKAAYD,259947,4
0.482,0.721,0,-6.839,1,0.032100000000000004,0.731,0.0,0.189,0.557,95.263,audio_features,3AhXZa8sUQht0UEdBJgpGc,spotify:track:3AhXZa8sUQht0UEdBJgpGc,https://api.spotify.com/v1/tracks/3AhXZa8sUQht0UEdBJgpGc,https://api.spotify.com/v1/audio-analysis/3AhXZa8sUQht0UEdBJgpGc,369600,4
0.367,0.452,10,-10.422,1,0.0307,0.035300000000000005,0.0022800000000000003,0.6890000000000001,0.189,113.066,audio_features,54X78diSLoUDI3joC2bjMz,spotify:track:54X78diSLoUDI3joC2bjMz,https://api.spotify.com/v1/tracks/54X78diSLoUDI3joC2bjMz,https://api.spotify.com/v1/audio-analysis/54X78diSLoUDI3joC2bjMz,520787,4
0.525,0.216,6,-13.551,1,0.030100000000000002,0.837,0.0,0.107,0.328,106.761,audio_features,5y788ya4NvwhBznoDIcXwK,spotify:track:5y788ya4NvwhBznoDIcXwK,https://api.spotify.com/v1/tracks/5y788ya4NvwhBznoDIcXwK,https://api.spotify.com/v1/audio-analysis/5y788ya4NvwhBznoDIcXwK,185413,4
0.512,0.539,10,-9.331,0,0.335,0.264,0.0,0.08080000000000001,0.7010000000000001,187.072,audio_features,5kcjWOILWbY2Ve2dKfwPcI,spotify:track:5kcjWOILWbY2Ve2dKfwPcI,https://api.spotify.com/v1/tracks/5kcjWOILWbY2Ve2dKfwPcI,https://api.spotify.com/v1/audio-analysis/5kcjWOILWbY2Ve2dKfwPcI,238485,4
0.615,0.657,4,-8.993,1,0.145,0.214,7.94e-06,0.246,0.378,89.594,audio_features,78iwevM29hXavHtX1sQekL,spotify:track:78iwevM29hXavHtX1sQekL,https://api.spotify.com/v1/tracks/78iwevM29hXavHtX1sQekL,https://api.spotify.com/v1/audio-analysis/78iwevM29hXavHtX1sQekL,232800,4
0.322,0.211,2,-18.08,1,0.036500000000000005,0.246,0.00019899999999999999,0.09380000000000001,0.059500000000000004,108.885,audio_features,5MslWrYrdObSQEk02WLZLS,spotify:track:5MslWrYrdObSQEk02WLZLS,https://api.spotify.com/v1/tracks/5MslWrYrdObSQEk02WLZLS,https://api.spotify.com/v1/audio-analysis/5MslWrYrdObSQEk02WLZLS,291533,4
0.549,0.498,7,-9.203,0,0.0371,0.6940000000000001,3.8700000000000006e-05,0.109,0.5750000000000001,95.345,audio_features,5Uve0jm1RgxKWzdSvncBDO,spotify:track:5Uve0jm1RgxKWzdSvncBDO,https://api.spotify.com/v1/tracks/5Uve0jm1RgxKWzdSvncBDO,https://api.spotify.com/v1/audio-analysis/5Uve0jm1RgxKWzdSvncBDO,626880,4
0.5720000000000001,0.385,7,-6.362,1,0.0308,0.371,0.0,0.231,0.323,95.799,audio_features,2VxeLyX666F8uXCJ0dZF8B,spotify:track:2VxeLyX666F8uXCJ0dZF8B,https://api.spotify.com/v1/tracks/2VxeLyX666F8uXCJ0dZF8B,https://api.spotify.com/v1/audio-analysis/2VxeLyX666F8uXCJ0dZF8B,215733,4
0.674,0.428,7,-9.504,1,0.122,0.121,0.0,0.132,0.337,84.878,audio_features,2dLLR6qlu5UJ5gk0dKz0h3,spotify:track:2dLLR6qlu5UJ5gk0dKz0h3,https://api.spotify.com/v1/tracks/2dLLR6qlu5UJ5gk0dKz0h3,https://api.spotify.com/v1/audio-analysis/2dLLR6qlu5UJ5gk0dKz0h3,190185,4
0.49,0.725,10,-3.304,1,0.0392,0.123,2.6800000000000004e-05,0.0983,0.335,123.28,audio_features,30FURVTCpbKyykjSEQzGkH,spotify:track:30FURVTCpbKyykjSEQzGkH,https://api.spotify.com/v1/tracks/30FURVTCpbKyykjSEQzGkH,https://api.spotify.com/v1/audio-analysis/30FURVTCpbKyykjSEQzGkH,240440,4
0.434,0.872,0,-2.974,1,0.0702,0.0473,1.83e-06,0.396,0.732,71.515,audio_features,1L5tZi0izXsi5Kk5OJf4W0,spotify:track:1L5tZi0izXsi5Kk5OJf4W0,https://api.spotify.com/v1/tracks/1L5tZi0izXsi5Kk5OJf4W0,https://api.spotify.com/v1/audio-analysis/1L5tZi0izXsi5Kk5OJf4W0,213760,4
0.705,0.806,9,-3.607,1,0.0309,0.0132,0.00428,0.07010000000000001,0.734,103.383,audio_features,4zQuwW24dweWcaX0fEJkP2,spotify:track:4zQuwW24dweWcaX0fEJkP2,https://api.spotify.com/v1/tracks/4zQuwW24dweWcaX0fEJkP2,https://api.spotify.com/v1/audio-analysis/4zQuwW24dweWcaX0fEJkP2,256947,4
0.554,0.321,9,-8.251,1,0.028,0.893,0.0,0.09960000000000001,0.28800000000000003,135.047,audio_features,6QPKYGnAW9QozVz2dSWqRg,spotify:track:6QPKYGnAW9QozVz2dSWqRg,https://api.spotify.com/v1/tracks/6QPKYGnAW9QozVz2dSWqRg,https://api.spotify.com/v1/audio-analysis/6QPKYGnAW9QozVz2dSWqRg,285240,4
0.73,0.77,8,-5.114,1,0.0298,0.138,0.0,0.0473,0.507,104.948,audio_features,1eq1wUnLVLg4pdEfx9kajC,spotify:track:1eq1wUnLVLg4pdEfx9kajC,https://api.spotify.com/v1/tracks/1eq1wUnLVLg4pdEfx9kajC,https://api.spotify.com/v1/audio-analysis/1eq1wUnLVLg4pdEfx9kajC,228093,4
0.795,0.856,0,-3.836,1,0.0334,0.26,0.000491,0.128,0.964,129.912,audio_features,69FtgMJrR2lfsBR97JSp4d,spotify:track:69FtgMJrR2lfsBR97JSp4d,https://api.spotify.com/v1/tracks/69FtgMJrR2lfsBR97JSp4d,https://api.spotify.com/v1/audio-analysis/69FtgMJrR2lfsBR97JSp4d,219920,4
0.762,0.403,11,-10.423,0,0.158,0.0396,0.011300000000000001,0.256,0.34600000000000003,80.476,audio_features,0tNuJpBgtE65diL6Q8Q7fI,spotify:track:0tNuJpBgtE65diL6Q8Q7fI,https://api.spotify.com/v1/tracks/0tNuJpBgtE65diL6Q8Q7fI,https://api.spotify.com/v1/audio-analysis/0tNuJpBgtE65diL6Q8Q7fI,226133,4
0.377,0.261,0,-15.708,1,0.041100000000000005,0.132,0.875,0.116,0.045700000000000005,117.994,audio_features,2d9KBVxb6bUfVCjjv1JAVe,spotify:track:2d9KBVxb6bUfVCjjv1JAVe,https://api.spotify.com/v1/tracks/2d9KBVxb6bUfVCjjv1JAVe,https://api.spotify.com/v1/audio-analysis/2d9KBVxb6bUfVCjjv1JAVe,181933,3
0.398,0.0434,7,-24.401,1,0.0753,0.984,0.777,0.14400000000000002,0.16,71.748,audio_features,0AyMy2Z75194hv82Ngd4mg,spotify:track:0AyMy2Z75194hv82Ngd4mg,https://api.spotify.com/v1/tracks/0AyMy2Z75194hv82Ngd4mg,https://api.spotify.com/v1/audio-analysis/0AyMy2Z75194hv82Ngd4mg,225000,3
0.5750000000000001,0.01,5,-25.248,0,0.0772,0.993,0.925,0.08220000000000001,0.115,101.333,audio_features,3WOKdXCIBMaGaCVfsQA6z9,spotify:track:3WOKdXCIBMaGaCVfsQA6z9,https://api.spotify.com/v1/tracks/3WOKdXCIBMaGaCVfsQA6z9,https://api.spotify.com/v1/audio-analysis/3WOKdXCIBMaGaCVfsQA6z9,217653,4
0.47300000000000003,0.635,10,-4.22,1,0.0264,0.012,0.8140000000000001,0.121,0.417,106.045,audio_features,4eaW8wWy9WXmrBnqnL39tA,spotify:track:4eaW8wWy9WXmrBnqnL39tA,https://api.spotify.com/v1/tracks/4eaW8wWy9WXmrBnqnL39tA,https://api.spotify.com/v1/audio-analysis/4eaW8wWy9WXmrBnqnL39tA,133629,4
0.74,0.615,9,-10.446,0,0.0867,0.218,0.0,0.0925,0.793,149.82,audio_features,5wtPpBBSSGYvEDUVaS6Y3v,spotify:track:5wtPpBBSSGYvEDUVaS6Y3v,https://api.spotify.com/v1/tracks/5wtPpBBSSGYvEDUVaS6Y3v,https://api.spotify.com/v1/audio-analysis/5wtPpBBSSGYvEDUVaS6Y3v,221780,4
0.684,0.484,1,-10.423,1,0.0422,0.984,0.050800000000000005,0.12,0.898,110.111,audio_features,7KdhlSmL14IinM9EGU3JJZ,spotify:track:7KdhlSmL14IinM9EGU3JJZ,https://api.spotify.com/v1/tracks/7KdhlSmL14IinM9EGU3JJZ,https://api.spotify.com/v1/audio-analysis/7KdhlSmL14IinM9EGU3JJZ,430253,4
0.682,0.919,0,-3.18,0,0.08750000000000001,0.256,0.0,0.442,0.535,95.982,audio_features,3Yh9lZcWyKrK9GjbhuS0hR,spotify:track:3Yh9lZcWyKrK9GjbhuS0hR,https://api.spotify.com/v1/tracks/3Yh9lZcWyKrK9GjbhuS0hR,https://api.spotify.com/v1/audio-analysis/3Yh9lZcWyKrK9GjbhuS0hR,159736,4
0.467,0.736,2,-8.612,1,0.131,0.8260000000000001,0.000155,0.168,0.77,161.653,audio_features,5UOzQpO62ljPFDqquxGDqT,spotify:track:5UOzQpO62ljPFDqquxGDqT,https://api.spotify.com/v1/tracks/5UOzQpO62ljPFDqquxGDqT,https://api.spotify.com/v1/audio-analysis/5UOzQpO62ljPFDqquxGDqT,221080,4
0.492,0.864,7,-5.881,1,0.0829,0.511,0.0,0.374,0.759,101.685,audio_features,7AdFxpPaZckmsSrQSjnmDq,spotify:track:7AdFxpPaZckmsSrQSjnmDq,https://api.spotify.com/v1/tracks/7AdFxpPaZckmsSrQSjnmDq,https://api.spotify.com/v1/audio-analysis/7AdFxpPaZckmsSrQSjnmDq,255747,4
0.581,0.793,9,-5.565,1,0.0346,0.633,0.0045000000000000005,0.121,0.961,127.535,audio_features,01pP91ung40K5GCLDYV6G2,spotify:track:01pP91ung40K5GCLDYV6G2,https://api.spotify.com/v1/tracks/01pP91ung40K5GCLDYV6G2,https://api.spotify.com/v1/audio-analysis/01pP91ung40K5GCLDYV6G2,203200,4
0.515,0.583,0,-8.182,0,0.0284,0.749,0.000294,0.123,0.41400000000000003,116.11,audio_features,0sCeNwt8xRCMR4NhKpMyBe,spotify:track:0sCeNwt8xRCMR4NhKpMyBe,https://api.spotify.com/v1/tracks/0sCeNwt8xRCMR4NhKpMyBe,https://api.spotify.com/v1/audio-analysis/0sCeNwt8xRCMR4NhKpMyBe,333947,4
0.507,0.379,5,-17.296,0,0.0771,0.846,0.296,0.117,0.724,123.792,audio_features,4wpZadyjV07oPn5RyHqkRl,spotify:track:4wpZadyjV07oPn5RyHqkRl,https://api.spotify.com/v1/tracks/4wpZadyjV07oPn5RyHqkRl,https://api.spotify.com/v1/audio-analysis/4wpZadyjV07oPn5RyHqkRl,319067,4
0.387,0.853,3,-4.941,0,0.233,0.796,0.0,0.405,0.722,99.461,audio_features,3BuObjNejBtEdSsJfwUO5Z,spotify:track:3BuObjNejBtEdSsJfwUO5Z,https://api.spotify.com/v1/tracks/3BuObjNejBtEdSsJfwUO5Z,https://api.spotify.com/v1/audio-analysis/3BuObjNejBtEdSsJfwUO5Z,239351,4
0.753,0.427,0,-11.112,1,0.038700000000000005,0.00787,0.0006500000000000001,0.058,0.295,119.18,audio_features,1CtAzw53AIXKjAemxy4b1j,spotify:track:1CtAzw53AIXKjAemxy4b1j,https://api.spotify.com/v1/tracks/1CtAzw53AIXKjAemxy4b1j,https://api.spotify.com/v1/audio-analysis/1CtAzw53AIXKjAemxy4b1j,255680,4
0.443,0.10400000000000001,0,-17.042,1,0.101,0.913,0.0,0.191,0.394,76.497,audio_features,78MI7mu1LV1k4IA2HzKmHe,spotify:track:78MI7mu1LV1k4IA2HzKmHe,https://api.spotify.com/v1/tracks/78MI7mu1LV1k4IA2HzKmHe,https://api.spotify.com/v1/audio-analysis/78MI7mu1LV1k4IA2HzKmHe,185160,4
0.355,0.0304,1,-20.479,1,0.0361,0.989,0.0555,0.116,0.188,90.495,audio_features,4smkJW6uzoHxGReZqqwHS5,spotify:track:4smkJW6uzoHxGReZqqwHS5,https://api.spotify.com/v1/tracks/4smkJW6uzoHxGReZqqwHS5,https://api.spotify.com/v1/audio-analysis/4smkJW6uzoHxGReZqqwHS5,211533,3
0.732,0.276,1,-12.828,1,0.0427,0.864,5.05e-06,0.096,0.668,139.821,audio_features,3ePsmfhb7hduvnDadoNNyi,spotify:track:3ePsmfhb7hduvnDadoNNyi,https://api.spotify.com/v1/tracks/3ePsmfhb7hduvnDadoNNyi,https://api.spotify.com/v1/audio-analysis/3ePsmfhb7hduvnDadoNNyi,218240,4
0.722,0.506,7,-8.743,0,0.049800000000000004,0.459,0.0,0.09860000000000001,0.721,88.987,audio_features,2LqTFkL0PTNPmxituDxkDj,spotify:track:2LqTFkL0PTNPmxituDxkDj,https://api.spotify.com/v1/tracks/2LqTFkL0PTNPmxituDxkDj,https://api.spotify.com/v1/audio-analysis/2LqTFkL0PTNPmxituDxkDj,288951,4
0.873,0.782,5,-3.8280000000000003,1,0.343,0.451,0.0,0.136,0.833,129.948,audio_features,0IvTKTST66tq30ZeFWeqfm,spotify:track:0IvTKTST66tq30ZeFWeqfm,https://api.spotify.com/v1/tracks/0IvTKTST66tq30ZeFWeqfm,https://api.spotify.com/v1/audio-analysis/0IvTKTST66tq30ZeFWeqfm,223147,4
0.636,0.835,6,-5.747,0,0.166,0.396,0.0,0.0589,0.869,136.946,audio_features,2Ji6pcpNIuRPSilgKHjnN6,spotify:track:2Ji6pcpNIuRPSilgKHjnN6,https://api.spotify.com/v1/tracks/2Ji6pcpNIuRPSilgKHjnN6,https://api.spotify.com/v1/audio-analysis/2Ji6pcpNIuRPSilgKHjnN6,232987,4
0.8250000000000001,0.449,1,-9.859,1,0.034800000000000005,0.5740000000000001,0.0034000000000000002,0.0726,0.738,117.399,audio_features,16fzReMJmcLlBccnZCTZNS,spotify:track:16fzReMJmcLlBccnZCTZNS,https://api.spotify.com/v1/tracks/16fzReMJmcLlBccnZCTZNS,https://api.spotify.com/v1/audio-analysis/16fzReMJmcLlBccnZCTZNS,251347,4
